"Variable","Mean","StdDev","Min","P25.25.","Median","P75.75.","Max"
"Glocery.Pharmacies_visits_weekly_pp",1.69870564571342,1.00184697178754,0,0.915114467693447,1.45547892120839,2.49606297522815,6.32291763067088
"Retails_visits_weekly_pp",3.82053995725013,2.31212453219775,0.171529999734444,2.07724643869315,3.05800007073387,5.29668677987486,13.6798522679562
"Arts.Entertainment_visits_weekly_pp",3.78527404517174,1.81788784241612,0.563766521985834,2.59557632999616,3.35566831320381,4.53024283326248,15.1322607580744
"Restaurants.Bars_visits_weekly_pp",6.87834139008209,3.2548770713815,1.11230632492124,4.64548283567184,6.0276864003633,8.3705323405702,23.0916904700079
"Educations_visits_weekly_pp",0.783316092163012,0.809396989682723,0,0.389844808604429,0.597945154790799,0.852452456181714,7.73538708064802
"Healthcares_visits_weekly_pp",1.74752974114044,1.22281005688681,0,0.835984593256865,1.51285853551112,2.27758256699618,9.8445824941678
"week",25,14.7276252119566,0,12,25,38,50
"borough_case_count_log",6.91378483330945,1.80591503471934,-2.30258509299405,6.14042276556653,6.95939851213398,8.13944052187461,9.33943694531059
